Culture,Title,Start_Date,End_Date
Filipino,Pahiyas Festival,13/01/2023,22/01/2023
Filipino,Ati-Atihan Festival,15/01/2023,15/01/2023
Filipino,Sinulog Festival,15/01/2023,15/01/2023
Chinese,Laba Festival,18/01/2023,18/01/2023
Korean,Seotdal Geumeum,21/01/2023,21/01/2023
Vietnamese,Lunar New Year,22/01/2023,22/01/2023
Korean,Seollal,22/01/2023,22/01/2023
Chinese,Chinese New Year,23/01/2023,23/01/2023
Vietnamese,Giong Festival,27/01/2023,29/01/2023
Filipino,Giant Lantern Festival,1/02/2023,28/02/2023
Vietnamese,Lim Festival,2/02/2023,3/02/2023
Japanese,Sapporo Snow Festival,4/02/2023,11/02/2023
Chinese,Lantern Festival,5/02/2023,5/02/2023
Korean,Daeboreum,5/02/2023,5/02/2023
Vietnamese,Perfume Pagoda Festival,5/02/2023,5/02/2023
Korean,Meoseumnal,20/02/2023,20/02/2023
Korean,Yeongdeungje,20/02/2023,20/02/2023
Filipino,Kaamulan Festival,23/03/2023,23/04/2023
Filipino,Moriones Festival,2/04/2023,8/04/2023
Chinese,Qingming Festival,5/04/2023,5/04/2023
Vietnamese,Hung King Temple Festival,20/04/2023,29/04/2023
Korean,Hansik,22/04/2023,22/04/2023
Korean,Samjinnal,22/04/2023,22/04/2023
Korean,Hansik,22/04/2023,22/04/2023
Japanese,Kanda Matsuri,11/05/2023,17/05/2023
Filipino,Kadayawan Festival,15/05/2023,15/05/2023
Vietnamese,Buddha's Birthday,26/05/2023,2/06/2023
Korean,Chopail,27/05/2023,27/05/2023
Korean,Dano,22/06/2023,22/06/2023
Chinese,Dragon Boat Festival,22/06/2023,22/06/2023
Filipino,Higantes Festival,27/06/2023,27/06/2023
Japanese,Kyoto Gion Matsuri,1/07/2023,31/07/2023
Korean,Sambok,11/07/2023,11/08/2023
Japanese,Tenjin Matsuri,24/07/2023,25/07/2023
Korean,Yudu,1/08/2023,1/08/2023
Japanese,Aomori Nebuta Festival,2/08/2023,7/08/2023
Japanese,Sendai Tanabata Matsuri,6/08/2023,8/08/2023
Japanese,Tokushima Awa Odori,12/08/2023,15/08/2023
Filipino,Masskara Festival,14/08/2023,20/08/2023
Chinese,Double Seventh Festival,22/08/2023,22/08/2023
Korean,Chilseok,22/08/2023,22/08/2023
Vietnamese,Ghost Festival/Wandering Souls Day,30/08/2023,30/08/2023
Korean,Baekjung,30/08/2023,30/08/2023
Vietnamese,Mid-autumn Festival,28/09/2023,29/09/2023
Korean,Chuseok,28/09/2023,30/09/2023
Chinese,Mid-autumn Festival,29/09/2023,29/09/2023
Vietnamese,Kate Festival,13/10/2023,15/10/2023
Filipino,Panagbenga Festival,22/10/2023,22/10/2023
Filipino,Pintados Festival,22/10/2023,22/10/2023
Chinese,Double Ninth Festival,23/10/2023,23/10/2023
Korean,Jungu,23/10/2023,23/10/2023
Japanese,Karatsu Kunchi Festival,2/11/2023,4/11/2023
Korean,Sangdalgosa,13/11/2023,29/11/2023
Filipino,Ati-Atihan Festival,22/11/2023,23/11/2023
Filipino,Dinagyang Festival,1/12/2023,31/12/2023
Japanese,Chichibu Yomatsuri,2/12/2023,3/12/2023
Korean,Sondolpoong,2/12/2023,2/12/2023
Chinese,Winter Solstice,21/12/2023,23/12/2023
Korean,Dongji,22/12/2023,6/01/2023
Filipino,Kadayawan Festival,13/01/2024,22/01/2024
Filipino,Kaamulan Festival,15/01/2024,15/01/2024
Filipino,Moriones Festival,15/01/2024,15/01/2024
Chinese,Laba Festival,18/01/2024,18/01/2024
Filipino,Dinagyang Festival,1/02/2024,28/02/2024
Korean,Yeongdeungje,1/02/2024,1/02/2024
Korean,Meoseumnal,1/02/2024,1/02/2024
Japanese,Sapporo Snow Festival,4/02/2024,11/02/2024
Korean,Seotdal Geumeum,9/02/2024,9/02/2024
Chinese,Chinese New Year,10/02/2024,10/02/2024
Vietnamese,Lunar New Year,10/02/2024,10/02/2024
Korean,Seollal,10/02/2024,10/02/2024
Filipino,Sinulog Festival,11/02/2024,11/02/2024
Vietnamese,Perfume Pagoda Festival,15/02/2024,15/02/2024
Vietnamese,Giong Festival,15/02/2024,17/02/2024
Vietnamese,Lim Festival,21/02/2024,22/02/2024
Korean,Daeboreum,24/02/2024,5/02/2023
Chinese,Lantern Festival,24/02/2024,24/02/2024
Filipino,Panagbenga Festival,23/03/2024,23/04/2024
Filipino,Giant Lantern Festival,2/04/2024,8/04/2024
Chinese,Qingming Festival,4/04/2024,4/04/2024
Korean,Hansik,5/04/2024,5/04/2024
Vietnamese,Hung King Temple Festival,9/04/2024,18/04/2024
Korean,Samjinnal,11/04/2024,11/04/2024
Japanese,Hakata Dontaku Matsuri,3/05/2024,4/05/2024
Korean,Chopail,15/05/2024,15/05/2024
Filipino,Masskara Festival,15/05/2024,15/05/2024
Vietnamese,Buddha's Birthday,15/05/2024,22/05/2024
Chinese,Dragon Boat Festival,10/06/2024,10/06/2024
Korean,Dano,10/06/2024,10/06/2024
Filipino,Ati-Atihan Festival,27/06/2024,27/06/2024
Japanese,Kyoto Gion Matsuri,1/07/2024,31/07/2024
Korean,Sambok,6/07/2024,6/08/2024
Korean,Yudu,20/07/2024,20/07/2024
Japanese,Tenjin Matsuri,24/07/2024,25/07/2024
Japanese,Aomori Nebuta Festival,2/08/2024,7/08/2024
Vietnamese,Kate Festival,4/08/2024,6/08/2024
Japanese,Sendai Tanabata Matsuri,6/08/2024,8/08/2024
Chinese,Double Seventh Festival,10/08/2024,10/08/2024
Korean,Chilseok,10/08/2024,10/08/2024
Japanese,Tokushima Awa Odori,12/08/2024,15/08/2024
Filipino,Pintados Festival,14/08/2024,20/08/2024
Vietnamese,Ghost Festival/Wandering Souls Day,18/08/2024,18/08/2024
Korean,Baekjung,18/08/2024,18/08/2024
Vietnamese,Mid-autumn Festival,16/09/2024,17/09/2024
Chinese,Mid-autumn Festival,17/09/2024,17/09/2024
Korean,Chuseok,17/09/2024,17/09/2024
Korean,Jungu,11/10/2024,11/10/2024
Chinese,Double Ninth Festival,11/10/2024,11/10/2024
Filipino,Higantes Festival,22/10/2024,22/10/2024
Korean,Sangdalgosa,1/11/2024,29/11/2024
Japanese,Karatsu Kunchi Festival,2/11/2024,4/11/2024
Korean,Sondolpoong,20/11/2024,20/11/2024
Filipino,Sinulog Festival,22/11/2024,23/11/2024
Korean,Dongji,1/12/2024,29/12/2024
Filipino,Pahiyas Festival,1/12/2024,31/12/2024
Japanese,Chichibu Yomatsuri,2/12/2024,3/12/2024
Chinese,Winter Solstice,21/12/2024,23/12/2024
Vietnamese,Perfume Pagoda Festival,6/01/2025,31/03/2025
Chinese,Laba Festival,7/01/2025,7/01/2025
Filipino,Kadayawan Festival,13/01/2025,22/01/2025
Filipino,Moriones Festival,15/01/2025,15/01/2025
Filipino,Kaamulan Festival,15/01/2025,15/01/2025
Korean,Seotdal Geumeum,28/01/2025,28/01/2025
Vietnamese,Lunar New Year,29/01/2025,29/01/2025
Chinese,Chinese New Year,29/01/2025,29/01/2025
Korean,Seollal,29/01/2025,29/01/2025
Filipino,Dinagyang Festival,1/02/2025,28/02/2025
Japanese,Sapporo Snow Festival,2/02/2025,10/02/2025
Vietnamese,Giong Festival,3/02/2025,5/02/2025
Vietnamese,Lim Festival,9/02/2025,10/02/2025
Chinese,Lantern Festival,12/02/2025,12/02/2025
Korean,Daeboreum,12/02/2025,12/02/2025
Korean,Meoseumnal,28/02/2025,28/02/2025
Korean,Yeongdeungje,28/02/2025,28/02/2025
Filipino,Panagbenga Festival,23/03/2025,23/04/2025
Korean,Samjinnal,31/03/2025,31/03/2025
Filipino,Giant Lantern Festival,2/04/2025,8/04/2025
Chinese,Qingming Festival,4/04/2025,4/04/2025
Vietnamese,Hung King Temple Festival,20/04/2025,29/04/2025
Japanese,Hakata Dontaku Matsuri,3/05/2025,4/05/2025
Korean,Chopail,5/05/2025,5/05/2025
Vietnamese,Buddha's Birthday,5/05/2025,12/05/2025
Japanese,Kanda Matsuri,11/05/2025,17/05/2025
Filipino,Masskara Festival,15/05/2025,15/05/2025
Korean,Dano,31/05/2025,31/05/2025
Chinese,Dragon Boat Festival,31/05/2025,31/05/2025
Korean,Sambok,25/06/2025,25/07/2025
Japanese,Kyoto Gion Matsuri,1/07/2025,31/07/2025
Korean,Yudu,9/07/2025,9/07/2025
Japanese,Tenjin Matsuri,24/07/2025,25/07/2025
Japanese,Aomori Nebuta Festival,2/08/2025,7/08/2025
Japanese,Sendai Tanabata Matsuri,6/08/2025,8/08/2025
Japanese,Tokushima Awa Odori,12/08/2025,15/08/2025
Filipino,Higantes Festival,14/08/2025,20/08/2025
Vietnamese,Kate Festival,23/08/2025,25/08/2025
Korean,Chilseok,29/08/2025,29/08/2025
Chinese,Double Seventh Festival,29/08/2025,29/08/2025
Vietnamese,Ghost Festival/Wandering Souls Day,6/09/2025,6/09/2025
Korean,Baekjung,6/09/2025,6/09/2025
Vietnamese,Mid-autumn Festival,5/10/2025,6/10/2025
Korean,Chuseok,6/10/2025,6/10/2025
Chinese,Mid-autumn Festival,6/10/2025,6/10/2025
Filipino,Pintados Festival,22/10/2025,22/10/2025
Chinese,Double Ninth Festival,29/10/2025,29/10/2025
Korean,Jungu,29/10/2025,29/10/2025
Japanese,Karatsu Kunchi Festival,2/11/2025,4/11/2025
Korean,Sangdalgosa,20/11/2025,20/12/2025
Filipino,Hakata Dontaku Matsuri,22/11/2025,23/11/2025
Filipino,Pahiyas Festival,1/12/2025,31/12/2025
Japanese,Chichibu Yomatsuri,2/12/2025,3/12/2025
Korean,Sondolpoong,9/12/2025,9/12/2025
Korean,Dongji,20/12/2025,20/01/2025
Chinese,Winter Solstice,21/12/2025,23/12/2025
